order_item_id,order_id,product_sku,quantity,unit_price,price,discount,total_price,loyalty_points,related_activity
1,250,1000098,10,2908.7,29087,0.33,194882.90,3640,Camping
2,73,1000112,3,6321.86,18965.58,0.23,43810.49,2370,Biking
3,259,1000175,4,1025.96,4103.84,0.24,12475.67,512,Biking
4,13,1000049,4,5210.05,20840.2,0.45,45848.44,2604,Skiing
5,95,1000210,8,1184.31,9474.48,0.17,62910.55,1184,Camping
6,16,1000063,1,127.88,127.88,0.24,97.19,16,Biking
7,193,1000189,1,2902.15,2902.15,0.25,2176.61,363,Paddling
8,228,1000196,1,2792.72,2792.72,0.39,1703.56,349,Camping
9,230,1000168,7,7912.94,55390.58,0.16,325696.61,6923,Biking
10,198,1000070,10,8343.4,83434,0.03,809309.80,10430,Paddling
11,170,1000105,2,8449.81,16899.62,0.14,29067.35,2112,Biking
12,28,1000203,1,1115.82,1115.82,0.16,937.29,139,Hiking
13,40,1000140,7,9932.48,69527.36,0.14,418554.71,8694,Climbing
14,109,1000028,7,4360.28,30521.96,0.49,108963.40,3815,Paddling
15,142,1000126,10,8734.57,87345.7,0.16,733703.88,10920,Skiing
16,74,1000021,8,7287.16,58297.28,0.39,284490.73,7288,Camping
17,272,1000014,1,2504.71,2504.71,0.31,1728.25,313,Biking
18,194,1000035,4,8749.28,34997.12,0.35,90992.51,4376,Paddling
19,51,1000147,10,7315.51,73155.1,0.11,651080.39,9140,Skiing
20,29,1000119,6,1099.19,6595.14,0.17,32843.80,822,Camping
21,69,1000133,8,5329.64,42637.12,0.34,225123.99,5328,Paddling
22,24,1000056,8,7963.85,63710.8,0.37,321102.43,7960,Paddling
23,50,1000084,7,6540.92,45786.44,0.28,230763.66,5726,Hiking
24,262,1000154,6,7032.49,42194.94,0.26,187345.53,5274,Camping
25,256,1000182,10,3519.3,35193,0.15,299140.50,4400,Skiing
26,99,1000077,9,7885.3,70967.7,0.02,625935.11,8874,Camping
27,295,1000042,7,2671.13,18697.91,0.32,89002.05,2338,Camping
28,181,1000091,2,7741.96,15483.92,0.3,21677.49,1936,Camping
29,269,1000007,4,4266.01,17064.04,0.19,55287.49,2132,Skiing
30,258,1000161,4,675.47,2701.88,0.26,7997.56,336,Hiking
31,18,1000014,2,2504.71,5009.42,0.21,7914.88,626,Biking
32,206,1000196,1,2792.72,2792.72,0.15,2373.81,349,Camping
33,102,1000168,2,7912.94,15825.88,0.48,16458.92,1978,Biking
34,99,1000147,1,7315.51,7315.51,0.29,5194.01,914,Skiing
35,71,1000091,1,7741.96,7741.96,0.26,5729.05,968,Camping
36,54,1000014,10,2504.71,25047.1,0.14,215405.06,3130,Biking
37,161,1000035,2,8749.28,17498.56,0.16,29397.58,2188,Paddling
38,267,1000105,4,8449.81,33799.24,0.34,89229.99,4224,Biking
39,270,1000049,5,5210.05,26050.25,0.35,84663.31,3255,Skiing
40,115,1000112,3,6321.86,18965.58,0.32,38689.78,2370,Biking
41,221,1000021,10,7287.16,72871.6,0.19,590259.96,9110,Camping
42,287,1000182,7,3519.3,24635.1,0.09,156925.59,3080,Skiing
43,119,1000175,2,1025.96,2051.92,0.18,3365.15,256,Biking
44,151,1000126,1,8734.57,8734.57,0.41,5153.40,1092,Skiing
45,231,1000077,5,7885.3,39426.5,0.26,145878.05,4930,Camping
46,202,1000140,10,9932.48,99324.8,0.31,685341.12,12420,Climbing
47,219,1000084,1,6540.92,6540.92,0.19,5298.15,818,Hiking
48,50,1000203,2,1115.82,2231.64,0.49,2276.27,278,Hiking
49,169,1000189,10,2902.15,29021.5,0.29,206052.65,3630,Paddling
50,17,1000098,10,2908.7,29087,0.09,264691.70,3640,Camping
51,196,1000042,7,2671.13,18697.91,0.48,68060.39,2338,Camping
52,6,1000154,7,7032.49,49227.43,0.2,275673.61,6153,Camping
53,226,1000070,2,8343.4,16686.8,0.31,23027.78,2086,Paddling
54,49,1000133,7,5329.64,37307.48,0.43,148856.85,4662,Paddling
55,205,1000007,9,4266.01,38394.09,0.05,328269.47,4797,Skiing
56,59,1000161,7,675.47,4728.29,0.0,33098.03,588,Hiking
57,110,1000028,6,4360.28,26161.68,0.3,109879.06,3270,Paddling
58,145,1000119,9,1099.19,9892.71,0.26,65885.45,1233,Camping
59,279,1000063,10,127.88,1278.8,0.09,11637.08,160,Biking
60,291,1000056,3,7963.85,23891.55,0.25,53755.99,2985,Paddling
61,224,1000210,9,1184.31,10658.79,0.39,58516.76,1332,Camping
62,79,1000119,4,1099.19,4396.76,0.46,9497.00,548,Camping
63,142,1000119,5,1099.19,5495.95,0.32,18686.23,685,Camping
64,177,1000182,7,3519.3,24635.1,0.02,168996.79,3080,Skiing
65,160,1000105,3,8449.81,25349.43,0.01,75287.81,3168,Biking
66,61,1000084,10,6540.92,65409.2,0.31,451323.48,8180,Hiking
67,267,1000091,4,7741.96,30967.84,0.02,121393.93,3872,Camping
68,58,1000098,10,2908.7,29087,0.27,212335.10,3640,Camping
69,115,1000056,9,7963.85,71674.65,0.04,619268.98,8955,Paddling
70,266,1000035,2,8749.28,17498.56,0.47,18548.47,2188,Paddling
71,265,1000112,9,6321.86,56896.74,0.37,322604.52,7110,Biking
72,296,1000133,9,5329.64,47966.76,0.42,250386.49,5994,Paddling
73,205,1000077,6,7885.3,47311.8,0.05,269677.26,5916,Camping
74,158,1000140,7,9932.48,69527.36,0.38,301748.74,8694,Climbing
75,138,1000175,7,1025.96,7181.72,0.26,37201.31,896,Biking
76,250,1000196,2,2792.72,5585.44,0.38,6925.95,698,Camping
77,100,1000028,5,4360.28,21801.4,0.04,104646.72,2725,Paddling
78,77,1000189,10,2902.15,29021.5,0.13,252487.05,3630,Paddling
79,220,1000063,2,127.88,255.76,0.23,393.87,32,Biking
80,110,1000049,2,5210.05,10420.1,0.15,17714.17,1302,Skiing
81,88,1000210,3,1184.31,3552.93,0.44,5968.92,444,Camping
82,80,1000161,8,675.47,5403.76,0.16,36313.27,672,Hiking
83,183,1000126,3,8734.57,26203.71,0.41,46380.57,3276,Skiing
84,184,1000021,2,7287.16,14574.32,0.26,21569.99,1822,Camping
85,74,1000007,9,4266.01,38394.09,0.33,231516.36,4797,Skiing
86,5,1000168,5,7912.94,39564.7,0.19,160237.04,4945,Biking
87,116,1000070,7,8343.4,58403.8,0.21,322973.01,7301,Paddling
88,78,1000014,3,2504.71,7514.13,0.27,16455.94,939,Biking
89,271,1000154,8,7032.49,56259.92,0.18,369065.08,7032,Camping
90,159,1000203,3,1115.82,3347.46,0.23,7732.63,417,Hiking
91,156,1000147,1,7315.51,7315.51,0.3,5120.86,914,Skiing
92,129,1000042,2,2671.13,5342.26,0.14,9188.69,668,Camping
93,273,1000133,10,5329.64,53296.4,0.27,389063.72,6660,Paddling
94,76,1000035,10,8749.28,87492.8,0.22,682443.84,10940,Paddling
95,118,1000168,4,7912.94,31651.76,0.01,125340.97,3956,Biking
96,286,1000189,2,2902.15,5804.3,0.36,7429.50,726,Paddling
97,227,1000210,2,1184.31,2368.62,0.49,2415.99,296,Camping
98,199,1000196,2,2792.72,5585.44,0.13,9718.67,698,Camping
99,281,1000021,8,7287.16,58297.28,0.17,387093.94,7288,Camping
100,229,1000077,9,7885.3,70967.7,0.05,606773.84,8874,Camping
101,119,1000154,7,7032.49,49227.43,0.39,210201.13,6153,Camping
102,56,1000042,4,2671.13,10684.52,0.49,21796.42,1336,Camping
103,247,1000091,1,7741.96,7741.96,0.49,3948.40,968,Camping
104,234,1000133,10,5329.64,53296.4,0.31,367745.16,6660,Paddling
105,153,1000063,4,127.88,511.52,0.04,1964.24,64,Biking
106,16,1000070,3,8343.4,25030.2,0.22,58570.67,3129,Paddling
107,207,1000084,3,6540.92,19622.76,0.39,35909.65,2454,Hiking
108,85,1000126,3,8734.57,26203.71,0.25,58958.35,3276,Skiing
109,57,1000028,8,4360.28,34882.24,0.46,150691.28,4360,Paddling
110,130,1000112,8,6321.86,50574.88,0.5,202299.52,6320,Biking
111,112,1000161,10,675.47,6754.7,0.07,62818.71,840,Hiking
112,225,1000175,4,1025.96,4103.84,0.2,13132.29,512,Biking
113,205,1000098,7,2908.7,20360.9,0.11,126848.41,2548,Camping
114,175,1000014,5,2504.71,12523.55,0.23,48215.67,1565,Biking
115,159,1000049,3,5210.05,15630.15,0.16,39387.98,1953,Skiing
116,84,1000007,1,4266.01,4266.01,0.39,2602.27,533,Skiing
117,154,1000056,2,7963.85,15927.7,0.49,16246.25,1990,Paddling
118,67,1000147,10,7315.51,73155.1,0.28,526716.72,9140,Skiing
119,179,1000182,4,3519.3,14077.2,0.2,45047.04,1760,Skiing
120,103,1000140,9,9932.48,89392.32,0.04,772349.64,11178,Climbing
121,83,1000203,6,1115.82,6694.92,0.16,33742.40,834,Hiking
122,217,1000105,10,8449.81,84498.1,0.31,583036.89,10560,Biking
123,172,1000119,2,1099.19,2198.38,0.4,2638.06,274,Camping
124,111,1000175,9,1025.96,9233.64,0.26,61496.04,1152,Biking
125,121,1000042,4,2671.13,10684.52,0.04,41028.56,1336,Camping
126,128,1000147,4,7315.51,29262.04,0.34,77251.79,3656,Skiing
127,182,1000203,5,1115.82,5579.1,0.19,22595.36,695,Hiking
128,188,1000140,7,9932.48,69527.36,0.12,428288.54,8694,Climbing
129,155,1000049,1,5210.05,5210.05,0.12,4584.84,651,Skiing
130,3,1000035,4,8749.28,34997.12,0.47,74193.89,4376,Paddling
131,134,1000196,9,2792.72,25134.48,0.13,196802.98,3141,Camping
132,210,1000175,4,1025.96,4103.84,0.16,13788.90,512,Biking
133,253,1000189,8,2902.15,23217.2,0.11,165306.46,2904,Paddling
134,111,1000084,4,6540.92,26163.68,0.21,82677.23,3272,Hiking
135,90,1000133,2,5329.64,10659.28,0.35,13857.06,1332,Paddling
136,247,1000028,10,4360.28,43602.8,0.05,414226.60,5450,Paddling
137,32,1000168,4,7912.94,31651.76,0.42,73432.08,3956,Biking
138,283,1000112,3,6321.86,18965.58,0.36,36413.91,2370,Biking
139,271,1000091,5,7741.96,38709.8,0.07,180000.57,4840,Camping
140,236,1000154,1,7032.49,7032.49,0.28,5063.39,879,Camping
141,73,1000126,1,8734.57,8734.57,0.1,7861.11,1092,Skiing
142,18,1000014,4,2504.71,10018.84,0.32,27251.24,1252,Biking
143,97,1000098,3,2908.7,8726.1,0.28,18848.38,1092,Camping
144,224,1000063,8,127.88,1023.04,0.09,7447.73,128,Biking
145,222,1000056,4,7963.85,31855.4,0.08,117227.87,3980,Paddling
146,258,1000021,5,7287.16,36435.8,0.21,143921.41,4555,Camping
147,22,1000119,1,1099.19,1099.19,0.49,560.59,137,Camping
148,129,1000161,5,675.47,3377.35,0.27,12327.33,420,Hiking
149,133,1000077,2,7885.3,15770.6,0.1,28387.08,1972,Camping
150,149,1000182,5,3519.3,17596.5,0.26,65107.05,2200,Skiing
151,59,1000007,7,4266.01,29862.07,0.02,204853.80,3731,Skiing
152,198,1000070,10,8343.4,83434,0.44,467230.40,10430,Paddling
153,14,1000105,6,8449.81,50698.86,0.24,231186.80,6336,Biking
154,234,1000210,5,1184.31,5921.55,0.22,23094.04,740,Camping
155,135,1000182,6,3519.3,21115.8,0.32,86152.46,2640,Skiing
156,66,1000098,1,2908.7,2908.7,0.11,2588.74,364,Camping
157,239,1000168,3,7912.94,23738.82,0.15,60533.99,2967,Biking
158,201,1000196,8,2792.72,22341.76,0.32,121539.17,2792,Camping
159,136,1000161,6,675.47,4052.82,0.43,13860.64,504,Hiking
160,164,1000077,3,7885.3,23655.9,0.1,63870.93,2958,Camping
161,39,1000126,6,8734.57,52407.42,0.27,229544.50,6552,Skiing
162,102,1000133,10,5329.64,53296.4,0.29,378404.44,6660,Paddling
163,78,1000042,1,2671.13,2671.13,0.07,2484.15,334,Camping
164,5,1000175,3,1025.96,3077.88,0.19,7479.25,384,Biking
165,235,1000182,5,3519.3,17596.5,0.26,65107.05,2200,Skiing
166,131,1000203,5,1115.82,5579.1,0.22,21758.49,695,Hiking
167,77,1000091,7,7741.96,54193.72,0.19,307278.39,6776,Camping
168,151,1000063,9,127.88,1150.92,0.34,6836.46,144,Biking
169,188,1000119,7,1099.19,7694.33,0.38,33393.39,959,Camping
170,40,1000112,6,6321.86,37931.16,0.08,209380.00,4740,Biking
171,224,1000084,1,6540.92,6540.92,0.04,6279.28,818,Hiking
172,113,1000210,2,1184.31,2368.62,0.04,4547.75,296,Camping
173,225,1000154,8,7032.49,56259.92,0.05,427575.39,7032,Camping
174,6,1000007,9,4266.01,38394.09,0.13,300625.72,4797,Skiing
175,11,1000147,2,7315.51,14631.02,0.06,27506.32,1828,Skiing
176,168,1000105,7,8449.81,59148.67,0.31,285688.08,7392,Biking
177,185,1000035,8,8749.28,69994.24,0.28,403166.82,8752,Paddling
178,178,1000189,2,2902.15,5804.3,0.03,11260.34,726,Paddling
179,57,1000056,2,7963.85,15927.7,0.03,30899.74,1990,Paddling
180,218,1000070,9,8343.4,75090.6,0.38,419005.55,9387,Paddling
181,41,1000028,2,4360.28,8720.56,0.13,15173.77,1090,Paddling
182,172,1000021,10,7287.16,72871.6,0.27,531962.68,9110,Camping
183,73,1000014,1,2504.71,2504.71,0.39,1527.87,313,Biking
184,114,1000049,10,5210.05,52100.5,0.13,453274.35,6510,Skiing
185,140,1000140,3,9932.48,29797.44,0.33,59892.85,3726,Climbing
186,284,1000098,3,2908.7,8726.1,0.37,16492.33,1092,Camping
187,281,1000161,4,675.47,2701.88,0.09,9834.84,336,Hiking
188,85,1000189,4,2902.15,11608.6,0.25,34825.80,1452,Paddling
189,249,1000028,8,4360.28,34882.24,0.06,262314.44,4360,Paddling
190,123,1000133,10,5329.64,53296.4,0.12,469008.32,6660,Paddling
191,83,1000119,6,1099.19,6595.14,0.46,21368.25,822,Camping
192,264,1000098,10,2908.7,29087,0.1,261783.00,3640,Camping
193,57,1000203,6,1115.82,6694.92,0.02,39366.13,834,Hiking
194,239,1000105,1,8449.81,8449.81,0.29,5999.37,1056,Biking
195,142,1000056,8,7963.85,63710.8,0.3,356780.48,7960,Paddling
196,73,1000112,8,6321.86,50574.88,0.35,262989.38,6320,Biking
197,291,1000077,10,7885.3,78853,0.17,654479.90,9860,Camping
198,270,1000035,10,8749.28,87492.8,0.3,612449.60,10940,Paddling
199,118,1000070,1,8343.4,8343.4,0.1,7509.06,1043,Paddling
200,43,1000154,2,7032.49,14064.98,0.31,19409.67,1758,Camping
201,200,1000021,2,7287.16,14574.32,0.42,16906.21,1822,Camping
202,16,1000042,7,2671.13,18697.91,0.4,78531.22,2338,Camping
203,286,1000147,2,7315.51,14631.02,0.26,21653.91,1828,Skiing
204,113,1000063,2,127.88,255.76,0.11,455.25,32,Biking
205,131,1000140,3,9932.48,29797.44,0.08,82240.93,3726,Climbing
206,11,1000196,1,2792.72,2792.72,0.2,2234.18,349,Camping
207,67,1000182,1,3519.3,3519.3,0.26,2604.28,440,Skiing
208,58,1000014,3,2504.71,7514.13,0.41,13300.01,939,Biking
209,150,1000175,7,1025.96,7181.72,0.32,34184.99,896,Biking
210,145,1000049,9,5210.05,46890.45,0.02,413573.77,5859,Skiing
211,169,1000091,5,7741.96,38709.8,0.3,135484.30,4840,Camping
212,17,1000168,4,7912.94,31651.76,0.14,108882.05,3956,Biking
213,8,1000210,10,1184.31,11843.1,0.13,103034.97,1480,Camping
214,183,1000007,3,4266.01,12798.03,0.05,36474.39,1599,Skiing
215,24,1000126,4,8734.57,34938.28,0.43,79659.28,4368,Skiing
216,244,1000084,1,6540.92,6540.92,0.48,3401.28,818,Hiking
217,144,1000077,5,7885.3,39426.5,0.15,167562.62,4930,Camping
218,65,1000084,10,6540.92,65409.2,0.25,490569.00,8180,Hiking
219,83,1000154,5,7032.49,35162.45,0.1,158231.02,4395,Camping
220,292,1000028,3,4360.28,13080.84,0.33,26292.49,1635,Paddling
221,56,1000161,2,675.47,1350.94,0.15,2296.60,168,Hiking
222,238,1000091,10,7741.96,77419.6,0.43,441291.72,9680,Camping
223,26,1000049,2,5210.05,10420.1,0.38,12920.92,1302,Skiing
224,72,1000112,4,6321.86,25287.44,0.16,84965.80,3160,Biking
225,94,1000119,4,1099.19,4396.76,0.27,12838.54,548,Camping
226,210,1000035,7,8749.28,61244.96,0.22,334397.48,7658,Paddling
227,111,1000196,5,2792.72,13963.6,0.35,45381.70,1745,Camping
228,52,1000189,6,2902.15,17412.9,0.23,80447.60,2178,Paddling
229,93,1000126,2,8734.57,17469.14,0.11,31095.07,2184,Skiing
230,4,1000021,8,7287.16,58297.28,0.41,275163.16,7288,Camping
231,236,1000168,8,7912.94,63303.52,0.18,415271.09,7912,Biking
232,283,1000063,6,127.88,767.28,0.15,3913.13,96,Biking
233,128,1000147,8,7315.51,58524.08,0.02,458828.79,7312,Skiing
234,112,1000175,5,1025.96,5129.8,0.07,23853.57,640,Biking
235,174,1000042,8,2671.13,21369.04,0.22,133342.81,2672,Camping
236,192,1000203,1,1115.82,1115.82,0.08,1026.55,139,Hiking
237,2,1000077,3,7885.3,23655.9,0.37,44709.65,2958,Camping
238,220,1000140,3,9932.48,29797.44,0.44,50059.70,3726,Climbing
239,13,1000098,2,2908.7,5817.4,0.08,10704.02,728,Camping
240,71,1000056,9,7963.85,71674.65,0.09,587015.38,8955,Paddling
241,124,1000007,10,4266.01,42660.1,0.47,226098.53,5330,Skiing
242,16,1000014,6,2504.71,15028.26,0.47,47789.87,1878,Biking
243,59,1000133,7,5329.64,37307.48,0.06,245483.22,4662,Paddling
244,87,1000070,3,8343.4,25030.2,0.41,44303.45,3129,Paddling
245,245,1000210,1,1184.31,1184.31,0.22,923.76,148,Camping
246,164,1000182,6,3519.3,21115.8,0.37,79817.72,2640,Skiing
247,215,1000105,7,8449.81,59148.67,0.19,335372.96,7392,Biking
248,106,1000161,10,675.47,6754.7,0.47,35799.91,840,Hiking
249,152,1000182,9,3519.3,31673.7,0.46,153934.18,3960,Skiing
250,82,1000154,3,7032.49,21097.47,0.24,48102.23,2637,Camping
251,189,1000098,5,2908.7,14543.5,0.25,54538.12,1820,Camping
252,101,1000042,8,2671.13,21369.04,0.04,164114.23,2672,Camping
253,172,1000126,7,8734.57,61141.99,0.12,376634.66,7644,Skiing
254,289,1000021,5,7287.16,36435.8,0.21,143921.41,4555,Camping
255,157,1000070,5,8343.4,41717,0.04,200241.60,5215,Paddling
256,217,1000014,2,2504.71,5009.42,0.19,8115.26,626,Biking
257,83,1000168,6,7912.94,47477.64,0.27,207952.06,5934,Biking
258,266,1000133,4,5329.64,21318.56,0.03,82716.01,2664,Paddling
259,214,1000119,8,1099.19,8793.52,0.05,66830.75,1096,Camping
260,216,1000084,9,6540.92,58868.28,0.39,323186.86,7362,Hiking
261,39,1000112,6,6321.86,37931.16,0.2,182069.57,4740,Biking
262,49,1000196,9,2792.72,25134.48,0.27,165133.53,3141,Camping
263,208,1000147,10,7315.51,73155.1,0.25,548663.25,9140,Skiing
264,199,1000203,3,1115.82,3347.46,0.32,6828.82,417,Hiking
265,239,1000210,5,1184.31,5921.55,0.23,22797.97,740,Camping
266,277,1000175,5,1025.96,5129.8,0.1,23084.10,640,Biking
267,113,1000140,10,9932.48,99324.8,0.23,764800.96,12420,Climbing
268,50,1000189,7,2902.15,20315.05,0.3,99543.74,2541,Paddling
269,268,1000161,5,675.47,3377.35,0.36,10807.52,420,Hiking
270,44,1000056,10,7963.85,79638.5,0.01,788421.15,9950,Paddling
271,241,1000091,2,7741.96,15483.92,0.19,25083.95,1936,Camping
272,196,1000007,6,4266.01,25596.06,0.12,135147.20,3198,Skiing
273,253,1000077,4,7885.3,31541.2,0.47,66867.34,3944,Camping
274,283,1000049,3,5210.05,15630.15,0.03,45483.74,1953,Skiing
275,53,1000105,2,8449.81,16899.62,0.04,32447.27,2112,Biking
276,244,1000063,4,127.88,511.52,0.21,1616.40,64,Biking
277,222,1000028,7,4360.28,30521.96,0.46,115373.01,3815,Paddling
278,229,1000035,5,8749.28,43746.4,0.0,218732.00,5470,Paddling
279,73,1000077,10,7885.3,78853,0.14,678135.80,9860,Camping
280,81,1000175,6,1025.96,6155.76,0.41,21791.39,768,Biking
281,73,1000063,7,127.88,895.16,0.46,3383.70,112,Biking
282,17,1000161,8,675.47,5403.76,0.32,29396.45,672,Hiking
283,204,1000210,3,1184.31,3552.93,0.17,8846.80,444,Camping
284,146,1000014,6,2504.71,15028.26,0.22,70332.26,1878,Biking
285,275,1000042,6,2671.13,16026.78,0.19,77890.15,2004,Camping
286,227,1000021,10,7287.16,72871.6,0.44,408080.96,9110,Camping
287,297,1000203,3,1115.82,3347.46,0.34,6627.97,417,Hiking
288,87,1000133,1,5329.64,5329.64,0.09,4849.97,666,Paddling
289,11,1000035,5,8749.28,43746.4,0.44,122489.92,5470,Paddling
290,83,1000119,3,1099.19,3297.57,0.22,7716.31,411,Camping
291,32,1000105,9,8449.81,76048.29,0.27,499637.27,9504,Biking
292,192,1000140,8,9932.48,79459.84,0.45,349623.30,9936,Climbing
293,47,1000091,5,7741.96,38709.8,0.18,158710.18,4840,Camping
294,30,1000098,5,2908.7,14543.5,0.06,68354.45,1820,Camping
295,135,1000049,3,5210.05,15630.15,0.49,23914.13,1953,Skiing
296,131,1000126,6,8734.57,52407.42,0.14,270422.29,6552,Skiing
297,234,1000154,4,7032.49,28129.96,0.22,87765.48,3516,Camping
298,172,1000028,4,4360.28,17441.12,0.42,40463.40,2180,Paddling
299,250,1000168,7,7912.94,55390.58,0.3,271413.84,6923,Biking
300,180,1000056,9,7963.85,71674.65,0.2,516057.48,8955,Paddling
301,97,1000182,3,3519.3,10557.9,0.29,22488.33,1320,Skiing
302,2,1000007,2,4266.01,8532.02,0.05,16210.84,1066,Skiing
303,299,1000112,7,6321.86,44253.02,0.35,201351.24,5530,Biking
304,29,1000147,4,7315.51,29262.04,0.32,79592.75,3656,Skiing
305,268,1000070,6,8343.4,50060.4,0.15,255308.04,6258,Paddling
306,277,1000084,9,6540.92,58868.28,0.41,312590.57,7362,Hiking
307,272,1000189,9,2902.15,26119.35,0.43,133992.27,3267,Paddling
308,163,1000077,5,7885.3,39426.5,0.36,126164.80,4930,Camping
309,243,1000196,10,2792.72,27927.2,0.33,187112.24,3490,Camping
310,67,1000042,9,2671.13,24040.17,0.45,118998.84,3006,Camping
311,117,1000189,3,2902.15,8706.45,0.01,25858.16,1089,Paddling
312,179,1000021,7,7287.16,51010.12,0.33,239237.46,6377,Camping
313,190,1000133,6,5329.64,31977.84,0.48,99770.86,3996,Paddling
314,23,1000070,2,8343.4,16686.8,0.22,26031.41,2086,Paddling
315,214,1000105,7,8449.81,59148.67,0.12,364355.81,7392,Biking
316,74,1000007,1,4266.01,4266.01,0.25,3199.51,533,Skiing
317,212,1000028,8,4360.28,34882.24,0.19,226036.92,4360,Paddling
318,208,1000140,7,9932.48,69527.36,0.42,282281.08,8694,Climbing
319,239,1000049,3,5210.05,15630.15,0.04,45014.83,1953,Skiing
320,10,1000077,9,7885.3,70967.7,0.45,351290.12,8874,Camping
321,194,1000196,3,2792.72,8378.16,0.44,14075.31,1047,Camping
322,84,1000203,1,1115.82,1115.82,0.41,658.33,139,Hiking
323,81,1000161,1,675.47,675.47,0.24,513.36,84,Hiking
324,218,1000168,1,7912.94,7912.94,0.4,4747.76,989,Biking
325,222,1000182,3,3519.3,10557.9,0.35,20587.90,1320,Skiing
326,220,1000063,2,127.88,255.76,0.16,429.68,32,Biking
327,250,1000154,3,7032.49,21097.47,0.02,62026.56,2637,Camping
328,133,1000112,9,6321.86,56896.74,0.33,343087.34,7110,Biking
329,27,1000042,4,2671.13,10684.52,0.25,32053.56,1336,Camping
330,253,1000175,7,1025.96,7181.72,0.29,35693.15,896,Biking
331,28,1000119,6,1099.19,6595.14,0.07,36800.88,822,Camping
332,241,1000084,8,6540.92,52327.36,0.47,221868.01,6544,Hiking
333,73,1000147,8,7315.51,58524.08,0.18,383917.96,7312,Skiing
334,128,1000035,5,8749.28,43746.4,0.02,214357.36,5470,Paddling
335,105,1000126,9,8734.57,78611.13,0.34,466950.11,9828,Skiing
336,292,1000098,6,2908.7,17452.2,0.37,65969.32,2184,Camping
337,46,1000056,6,7963.85,47783.1,0.23,220757.92,5970,Paddling
338,206,1000210,9,1184.31,10658.79,0.26,70987.54,1332,Camping
339,66,1000014,9,2504.71,22542.39,0.1,182593.36,2817,Biking
340,144,1000091,6,7741.96,46451.76,0.18,228542.66,5808,Camping
341,156,1000035,1,8749.28,8749.28,0.09,7961.84,1094,Paddling
342,120,1000119,6,1099.19,6595.14,0.15,33635.21,822,Camping
343,210,1000112,10,6321.86,63218.6,0.08,581611.12,7900,Biking
344,267,1000133,5,5329.64,26648.2,0.27,97265.93,3330,Paddling
345,163,1000182,10,3519.3,35193,0.3,246351.00,4400,Skiing
346,65,1000042,6,2671.13,16026.78,0.38,59619.62,2004,Camping
347,67,1000168,7,7912.94,55390.58,0.32,263659.16,6923,Biking
348,240,1000084,2,6540.92,13081.84,0.43,14913.30,1636,Hiking
349,110,1000147,7,7315.51,51208.57,0.09,326198.59,6398,Skiing
350,166,1000126,4,8734.57,34938.28,0.28,100622.25,4368,Skiing
351,257,1000161,9,675.47,6079.23,0.33,36657.76,756,Hiking
352,254,1000070,3,8343.4,25030.2,0.05,71336.07,3129,Paddling
353,51,1000210,2,1184.31,2368.62,0.37,2984.46,296,Camping
354,261,1000175,10,1025.96,10259.6,0.3,71817.20,1280,Biking
355,87,1000091,1,7741.96,7741.96,0.33,5187.11,968,Camping
356,82,1000077,4,7885.3,31541.2,0.05,119856.56,3944,Camping
357,196,1000189,7,2902.15,20315.05,0.17,118030.44,2541,Paddling
358,151,1000140,3,9932.48,29797.44,0.48,46484.01,3726,Climbing
359,124,1000154,6,7032.49,42194.94,0.21,200004.02,5274,Camping
360,114,1000098,8,2908.7,23269.6,0.41,109832.51,2912,Camping
361,299,1000056,1,7963.85,7963.85,0.38,4937.59,995,Paddling
362,147,1000007,8,4266.01,34128.08,0.25,204768.48,4264,Skiing
363,132,1000105,3,8449.81,25349.43,0.37,47910.42,3168,Biking
364,212,1000021,5,7287.16,36435.8,0.04,174891.84,4555,Camping
365,73,1000063,5,127.88,639.4,0.33,2141.99,80,Biking
366,180,1000196,6,2792.72,16756.32,0.45,55295.86,2094,Camping
367,58,1000028,3,4360.28,13080.84,0.03,38065.24,1635,Paddling
368,209,1000049,7,5210.05,36470.35,0.45,140410.85,4557,Skiing
369,26,1000203,9,1115.82,10042.38,0.37,56940.29,1251,Hiking
370,190,1000014,8,2504.71,20037.68,0.01,158698.43,2504,Biking
371,179,1000035,1,8749.28,8749.28,0.0,8749.28,1094,Paddling
372,251,1000161,3,675.47,2026.41,0.32,4133.88,252,Hiking
373,15,1000098,7,2908.7,20360.9,0.41,84090.52,2548,Camping
374,201,1000070,7,8343.4,58403.8,0.26,302531.68,7301,Paddling
375,7,1000014,9,2504.71,22542.39,0.18,166362.84,2817,Biking
376,164,1000035,9,8749.28,78743.52,0.1,637822.51,9846,Paddling
377,38,1000161,5,675.47,3377.35,0.05,16042.41,420,Hiking
378,55,1000063,7,127.88,895.16,0.01,6203.46,112,Biking
379,83,1000133,2,5329.64,10659.28,0.28,15349.36,1332,Paddling
380,141,1000175,3,1025.96,3077.88,0.07,8587.29,384,Biking
381,19,1000084,5,6540.92,32704.6,0.04,156982.08,4090,Hiking
382,53,1000168,3,7912.94,23738.82,0.11,63382.65,2967,Biking
383,148,1000119,8,1099.19,8793.52,0.16,59092.45,1096,Camping
384,250,1000140,3,9932.48,29797.44,0.1,80453.09,3726,Climbing
385,209,1000077,9,7885.3,70967.7,0.25,479031.98,8874,Camping
386,199,1000182,8,3519.3,28154.4,0.22,175683.46,3520,Skiing
387,159,1000091,4,7741.96,30967.84,0.04,118916.51,3872,Camping
388,285,1000126,4,8734.57,34938.28,0.16,117392.62,4368,Skiing
389,213,1000196,7,2792.72,19549.04,0.28,98527.16,2443,Camping
390,193,1000105,4,8449.81,33799.24,0.27,98693.78,4224,Biking
391,259,1000147,2,7315.51,14631.02,0.22,22824.39,1828,Skiing
392,89,1000189,4,2902.15,11608.6,0.43,26467.61,1452,Paddling
393,107,1000154,5,7032.49,35162.45,0.2,140649.80,4395,Camping
394,247,1000049,7,5210.05,36470.35,0.0,255292.45,4557,Skiing
395,168,1000007,6,4266.01,25596.06,0.02,150504.83,3198,Skiing
396,261,1000028,2,4360.28,8720.56,0.48,9069.38,1090,Paddling
397,57,1000042,5,2671.13,13355.65,0.26,49415.90,1670,Camping
398,253,1000112,1,6321.86,6321.86,0.14,5436.80,790,Biking
399,195,1000056,1,7963.85,7963.85,0.17,6610.00,995,Paddling
400,276,1000210,9,1184.31,10658.79,0.4,57557.47,1332,Camping
401,215,1000021,6,7287.16,43722.96,0.27,191506.56,5466,Camping
402,122,1000203,2,1115.82,2231.64,0.13,3883.05,278,Hiking
403,20,1000056,10,7963.85,79638.5,0.36,509686.40,9950,Paddling
404,241,1000175,5,1025.96,5129.8,0.26,18980.26,640,Biking
405,184,1000049,2,5210.05,10420.1,0.16,17505.77,1302,Skiing
406,209,1000063,7,127.88,895.16,0.15,5326.20,112,Biking
407,152,1000168,2,7912.94,15825.88,0.21,25004.89,1978,Biking
408,225,1000203,10,1115.82,11158.2,0.17,92613.06,1390,Hiking
409,206,1000077,9,7885.3,70967.7,0.43,364064.30,8874,Camping
410,285,1000035,10,8749.28,87492.8,0.13,761187.36,10940,Paddling
411,227,1000182,1,3519.3,3519.3,0.15,2991.40,440,Skiing
412,260,1000007,5,4266.01,21330.05,0.33,71455.67,2665,Skiing
413,276,1000028,1,4360.28,4360.28,0.21,3444.62,545,Paddling
414,202,1000189,9,2902.15,26119.35,0.25,176305.61,3267,Paddling
415,289,1000112,5,6321.86,31609.3,0.17,131178.60,3950,Biking
416,164,1000084,1,6540.92,6540.92,0.48,3401.28,818,Hiking
417,20,1000196,9,2792.72,25134.48,0.13,196802.98,3141,Camping
418,180,1000161,1,675.47,675.47,0.32,459.32,84,Hiking
419,197,1000154,6,7032.49,42194.94,0.31,174687.05,5274,Camping
420,245,1000140,5,9932.48,49662.4,0.08,228447.04,6210,Climbing
421,35,1000014,10,2504.71,25047.1,0.34,165310.86,3130,Biking
422,47,1000098,1,2908.7,2908.7,0.16,2443.31,364,Camping
423,188,1000126,5,8734.57,43672.85,0.08,200895.11,5460,Skiing
424,235,1000210,6,1184.31,7105.86,0.41,25154.74,888,Camping
425,216,1000091,2,7741.96,15483.92,0.26,22916.20,1936,Camping
426,219,1000021,10,7287.16,72871.6,0.08,670418.72,9110,Camping
427,207,1000070,6,8343.4,50060.4,0.17,249300.79,6258,Paddling
428,281,1000133,1,5329.64,5329.64,0.38,3304.38,666,Paddling
429,135,1000119,9,1099.19,9892.71,0.49,45407.54,1233,Camping
430,298,1000042,6,2671.13,16026.78,0.06,90391.04,2004,Camping
431,199,1000147,5,7315.51,36577.55,0.03,177401.12,4570,Skiing
432,43,1000056,8,7963.85,63710.8,0.18,417942.85,7960,Paddling
433,242,1000105,4,8449.81,33799.24,0.38,83822.12,4224,Biking
434,205,1000196,7,2792.72,19549.04,0.23,105369.33,2443,Camping
435,59,1000112,3,6321.86,18965.58,0.24,43241.52,2370,Biking
436,233,1000126,7,8734.57,61141.99,0.23,329555.33,7644,Skiing
437,56,1000084,2,6540.92,13081.84,0.03,25378.77,1636,Hiking
438,98,1000196,2,2792.72,5585.44,0.26,8266.45,698,Camping
439,290,1000063,6,127.88,767.28,0.1,4143.31,96,Biking
440,288,1000140,9,9932.48,89392.32,0.07,748213.72,11178,Climbing
441,144,1000014,9,2504.71,22542.39,0.04,194766.25,2817,Biking
442,110,1000070,5,8343.4,41717,0.27,152267.05,5215,Paddling
443,85,1000098,6,2908.7,17452.2,0.01,103666.07,2184,Camping
444,93,1000007,1,4266.01,4266.01,0.32,2900.89,533,Skiing
445,94,1000154,7,7032.49,49227.43,0.38,213647.05,6153,Camping
446,192,1000035,3,8749.28,26247.84,0.38,48820.98,3282,Paddling
447,259,1000119,1,1099.19,1099.19,0.24,835.38,137,Camping
448,281,1000105,9,8449.81,76048.29,0.29,485948.57,9504,Biking
449,53,1000168,6,7912.94,47477.64,0.09,259227.91,5934,Biking
450,227,1000133,7,5329.64,37307.48,0.14,224591.03,4662,Paddling
451,177,1000021,6,7287.16,43722.96,0.08,241350.74,5466,Camping
452,37,1000147,2,7315.51,14631.02,0.29,20776.05,1828,Skiing
453,185,1000028,7,4360.28,30521.96,0.49,108963.40,3815,Paddling
454,146,1000091,5,7741.96,38709.8,0.35,125806.85,4840,Camping
455,14,1000042,4,2671.13,10684.52,0.12,37609.51,1336,Camping
456,280,1000049,8,5210.05,41680.4,0.24,253416.83,5208,Skiing
457,148,1000056,3,7963.85,23891.55,0.17,59489.96,2985,Paddling
458,128,1000182,8,3519.3,28154.4,0.14,193702.27,3520,Skiing
459,241,1000077,2,7885.3,15770.6,0.42,18293.90,1972,Camping
460,107,1000161,9,675.47,6079.23,0.49,27903.67,756,Hiking
461,300,1000203,9,1115.82,10042.38,0.01,89477.61,1251,Hiking
462,173,1000210,7,1184.31,8290.17,0.22,45264.33,1036,Camping
463,202,1000189,2,2902.15,5804.3,0.16,9751.22,726,Paddling
464,52,1000175,8,1025.96,8207.68,0.22,51215.92,1024,Biking
465,195,1000070,7,8343.4,58403.8,0.45,224854.63,7301,Paddling
466,124,1000140,5,9932.48,49662.4,0.05,235896.40,6210,Climbing
467,51,1000175,8,1025.96,8207.68,0.24,49902.69,1024,Biking
468,206,1000112,6,6321.86,37931.16,0.39,138828.05,4740,Biking
469,226,1000119,1,1099.19,1099.19,0.37,692.49,137,Camping
470,13,1000077,5,7885.3,39426.5,0.21,155734.68,4930,Camping
471,253,1000063,2,127.88,255.76,0.42,296.68,32,Biking
472,147,1000196,9,2792.72,25134.48,0.25,169657.74,3141,Camping
473,284,1000161,2,675.47,1350.94,0.06,2539.77,168,Hiking
474,275,1000147,9,7315.51,65839.59,0.08,545151.81,8226,Skiing
475,254,1000203,2,1115.82,2231.64,0.43,2544.07,278,Hiking
476,39,1000056,4,7963.85,31855.4,0.37,80275.61,3980,Paddling
477,234,1000091,1,7741.96,7741.96,0.49,3948.40,968,Camping
478,55,1000007,2,4266.01,8532.02,0.24,12968.67,1066,Skiing
479,107,1000105,9,8449.81,76048.29,0.1,615991.15,9504,Biking
480,200,1000098,8,2908.7,23269.6,0.44,104247.81,2912,Camping
481,176,1000042,6,2671.13,16026.78,0.18,78851.76,2004,Camping
482,126,1000133,1,5329.64,5329.64,0.41,3144.49,666,Paddling
483,150,1000028,6,4360.28,26161.68,0.41,92612.35,3270,Paddling
484,300,1000210,4,1184.31,4737.24,0.24,14401.21,592,Camping
485,137,1000070,1,8343.4,8343.4,0.36,5339.78,1043,Paddling
486,85,1000014,1,2504.71,2504.71,0.01,2479.66,313,Biking
487,114,1000154,9,7032.49,63292.41,0.28,410134.82,7911,Camping
488,10,1000189,3,2902.15,8706.45,0.17,21679.06,1089,Paddling
489,202,1000049,4,5210.05,20840.2,0.39,50850.09,2604,Skiing
490,179,1000168,7,7912.94,55390.58,0.34,255904.48,6923,Biking
491,181,1000084,3,6540.92,19622.76,0.3,41207.80,2454,Hiking
492,224,1000035,6,8749.28,52495.68,0.47,166936.26,6564,Paddling
493,100,1000021,6,7287.16,43722.96,0.24,199376.70,5466,Camping
494,182,1000126,8,8734.57,69876.56,0.04,536651.98,8736,Skiing
495,131,1000182,1,3519.3,3519.3,0.36,2252.35,440,Skiing
496,149,1000077,3,7885.3,23655.9,0.27,51806.42,2958,Camping
497,250,1000091,10,7741.96,77419.6,0.36,495485.44,9680,Camping
498,74,1000056,7,7963.85,55746.95,0.39,238039.48,6965,Paddling
499,152,1000133,9,5329.64,47966.76,0.16,362628.71,5994,Paddling
500,22,1000035,9,8749.28,78743.52,0.11,630735.60,9846,Paddling
501,200,1000098,10,2908.7,29087,0.33,194882.90,3640,Camping
502,94,1000014,10,2504.71,25047.1,0.08,230433.32,3130,Biking
503,10,1000119,3,1099.19,3297.57,0.29,7023.82,411,Camping
504,28,1000147,9,7315.51,65839.59,0.33,397012.73,8226,Skiing
505,188,1000126,10,8734.57,87345.7,0.09,794845.87,10920,Skiing
506,93,1000168,9,7912.94,71216.46,0.3,448663.70,8901,Biking
507,69,1000175,8,1025.96,8207.68,0.13,57125.45,1024,Biking
508,85,1000049,7,5210.05,36470.35,0.36,163387.17,4557,Skiing
509,92,1000182,2,3519.3,7038.6,0.22,10980.22,880,Skiing
510,24,1000210,9,1184.31,10658.79,0.02,94010.53,1332,Camping
511,288,1000021,4,7287.16,29148.64,0.05,110764.83,3644,Camping
512,196,1000105,10,8449.81,84498.1,0.22,659085.18,10560,Biking
513,287,1000154,5,7032.49,35162.45,0.27,128342.94,4395,Camping
514,54,1000112,6,6321.86,37931.16,0.33,152483.26,4740,Biking
515,179,1000140,6,9932.48,59594.88,0.24,271752.65,7452,Climbing
516,289,1000063,3,127.88,383.64,0.04,1104.88,48,Biking
517,234,1000196,4,2792.72,11170.88,0.31,30831.63,1396,Camping
518,220,1000077,3,7885.3,23655.9,0.48,36903.20,2958,Camping
519,29,1000028,6,4360.28,26161.68,0.35,102030.55,3270,Paddling
520,249,1000084,6,6540.92,39245.52,0.17,195442.69,4908,Hiking
521,159,1000042,7,2671.13,18697.91,0.26,96855.17,2338,Camping
522,273,1000007,3,4266.01,12798.03,0.45,21116.75,1599,Skiing
523,113,1000070,4,8343.4,33373.6,0.25,100120.80,4172,Paddling
524,167,1000161,8,675.47,5403.76,0.41,25505.75,672,Hiking
525,264,1000189,10,2902.15,29021.5,0.45,159618.25,3630,Paddling
526,114,1000203,1,1115.82,1115.82,0.25,836.86,139,Hiking
527,241,1000077,5,7885.3,39426.5,0.01,195161.18,4930,Camping
528,6,1000196,9,2792.72,25134.48,0.49,115367.26,3141,Camping
529,153,1000014,2,2504.71,5009.42,0.34,6612.43,626,Biking
530,132,1000147,7,7315.51,51208.57,0.46,193568.39,6398,Skiing
531,216,1000021,4,7287.16,29148.64,0.37,73454.57,3644,Camping
532,131,1000133,8,5329.64,42637.12,0.47,180781.39,5328,Paddling
533,125,1000098,7,2908.7,20360.9,0.36,91216.83,2548,Camping
534,143,1000119,1,1099.19,1099.19,0.11,978.28,137,Camping
535,26,1000203,9,1115.82,10042.38,0.2,72305.14,1251,Hiking
536,247,1000007,5,4266.01,21330.05,0.22,83187.20,2665,Skiing
537,165,1000126,9,8734.57,78611.13,0.36,452800.11,9828,Skiing
538,20,1000028,7,4360.28,30521.96,0.21,168786.44,3815,Paddling
539,263,1000105,3,8449.81,25349.43,0.48,39545.11,3168,Biking
540,121,1000112,4,6321.86,25287.44,0.29,71816.33,3160,Biking
541,205,1000210,7,1184.31,8290.17,0.45,31917.15,1036,Camping
542,134,1000154,5,7032.49,35162.45,0.16,147682.29,4395,Camping
543,127,1000070,6,8343.4,50060.4,0.17,249300.79,6258,Paddling
544,218,1000189,3,2902.15,8706.45,0.07,24291.00,1089,Paddling
545,254,1000084,1,6540.92,6540.92,0.19,5298.15,818,Hiking
546,213,1000168,10,7912.94,79129.4,0.25,593470.50,9890,Biking
547,136,1000175,6,1025.96,6155.76,0.21,29178.30,768,Biking
548,195,1000035,6,8749.28,52495.68,0.49,160636.78,6564,Paddling
549,119,1000140,5,9932.48,49662.4,0.08,228447.04,6210,Climbing
550,72,1000077,9,7885.3,70967.7,0.14,549290.00,8874,Camping
551,141,1000042,8,2671.13,21369.04,0.0,170952.32,2672,Camping
552,160,1000063,6,127.88,767.28,0.03,4465.57,96,Biking
553,152,1000056,2,7963.85,15927.7,0.04,30581.18,1990,Paddling
554,154,1000182,5,3519.3,17596.5,0.49,44871.08,2200,Skiing
555,100,1000049,10,5210.05,52100.5,0.21,411593.95,6510,Skiing
556,235,1000161,10,675.47,6754.7,0.19,54713.07,840,Hiking
557,194,1000091,7,7741.96,54193.72,0.49,193471.58,6776,Camping
558,75,1000070,6,8343.4,50060.4,0.46,162195.70,6258,Paddling
559,50,1000098,8,2908.7,23269.6,0.39,113555.65,2912,Camping
560,77,1000021,8,7287.16,58297.28,0.47,247180.47,7288,Camping
561,75,1000105,3,8449.81,25349.43,0.43,43347.53,3168,Biking
562,193,1000168,6,7912.94,47477.64,0.38,176616.82,5934,Biking
563,37,1000196,5,2792.72,13963.6,0.2,55854.40,1745,Camping
564,222,1000007,7,4266.01,29862.07,0.27,152595.18,3731,Skiing
565,287,1000028,7,4360.28,30521.96,0.32,145284.53,3815,Paddling
566,236,1000126,10,8734.57,87345.7,0.37,550277.91,10920,Skiing
567,25,1000014,7,2504.71,17532.97,0.25,92048.09,2191,Biking
568,60,1000063,4,127.88,511.52,0.4,1227.65,64,Biking
569,238,1000035,6,8749.28,52495.68,0.37,198433.67,6564,Paddling
570,156,1000042,4,2671.13,10684.52,0.45,23505.94,1336,Camping
571,231,1000049,5,5210.05,26050.25,0.12,114621.10,3255,Skiing
572,191,1000147,7,7315.51,51208.57,0.33,240168.19,6398,Skiing
573,248,1000189,10,2902.15,29021.5,0.27,211856.95,3630,Paddling
574,150,1000154,4,7032.49,28129.96,0.27,82139.48,3516,Camping
575,55,1000056,4,7963.85,31855.4,0.29,90469.34,3980,Paddling
576,119,1000140,1,9932.48,9932.48,0.25,7449.36,1242,Climbing
577,137,1000182,3,3519.3,10557.9,0.1,28506.33,1320,Skiing
578,5,1000091,4,7741.96,30967.84,0.25,92903.52,3872,Camping
579,140,1000070,2,8343.4,16686.8,0.18,27366.35,2086,Paddling
580,83,1000119,9,1099.19,9892.71,0.28,64104.76,1233,Camping
581,16,1000161,5,675.47,3377.35,0.39,10300.92,420,Hiking
582,121,1000077,2,7885.3,15770.6,0.1,28387.08,1972,Camping
583,87,1000203,5,1115.82,5579.1,0.28,20084.76,695,Hiking
584,70,1000175,1,1025.96,1025.96,0.49,523.24,128,Biking
585,152,1000210,3,1184.31,3552.93,0.08,9806.09,444,Camping
586,300,1000112,7,6321.86,44253.02,0.23,238523.78,5530,Biking
587,118,1000084,10,6540.92,65409.2,0.15,555978.20,8180,Hiking
588,230,1000133,5,5329.64,26648.2,0.34,87939.06,3330,Paddling
589,159,1000105,6,8449.81,50698.86,0.31,209893.28,6336,Biking
590,179,1000049,10,5210.05,52100.5,0.25,390753.75,6510,Skiing
591,219,1000147,4,7315.51,29262.04,0.4,70228.90,3656,Skiing
592,223,1000014,5,2504.71,12523.55,0.21,49468.02,1565,Biking
593,33,1000056,2,7963.85,15927.7,0.4,19113.24,1990,Paddling
594,87,1000042,8,2671.13,21369.04,0.45,94023.78,2672,Camping
595,58,1000021,8,7287.16,58297.28,0.34,307809.64,7288,Camping
596,216,1000182,6,3519.3,21115.8,0.46,68415.19,2640,Skiing
597,175,1000105,8,8449.81,67598.48,0.19,438038.15,8448,Biking
598,206,1000112,5,6321.86,31609.3,0.48,82184.18,3950,Biking
599,111,1000189,5,2902.15,14510.75,0.26,53689.78,1815,Paddling
600,49,1000196,1,2792.72,2792.72,0.02,2736.87,349,Camping
601,262,1000161,10,675.47,6754.7,0.45,37150.85,840,Hiking
602,94,1000077,9,7885.3,70967.7,0.26,472644.88,8874,Camping
603,280,1000119,1,1099.19,1099.19,0.09,1000.26,137,Camping
604,231,1000168,5,7912.94,39564.7,0.36,126607.04,4945,Biking
605,78,1000070,7,8343.4,58403.8,0.06,384297.00,7301,Paddling
606,118,1000098,6,2908.7,17452.2,0.45,57592.26,2184,Camping
607,240,1000140,1,9932.48,9932.48,0.14,8541.93,1242,Climbing
608,235,1000210,2,1184.31,2368.62,0.29,3363.44,296,Camping
609,250,1000091,7,7741.96,54193.72,0.41,223820.06,6776,Camping
610,59,1000175,5,1025.96,5129.8,0.48,13337.48,640,Biking
611,170,1000028,6,4360.28,26161.68,0.31,108309.36,3270,Paddling
612,41,1000035,1,8749.28,8749.28,0.08,8049.34,1094,Paddling
613,119,1000126,5,8734.57,43672.85,0.38,135385.84,5460,Skiing
614,242,1000133,10,5329.64,53296.4,0.13,463678.68,6660,Paddling
615,17,1000203,8,1115.82,8926.56,0.37,44989.86,1112,Hiking
616,256,1000084,1,6540.92,6540.92,0.44,3662.92,818,Hiking
617,272,1000007,2,4266.01,8532.02,0.02,16722.76,1066,Skiing
618,201,1000063,5,127.88,639.4,0.05,3037.15,80,Biking
619,277,1000154,6,7032.49,42194.94,0.24,192408.93,5274,Camping
620,281,1000112,5,6321.86,31609.3,0.22,123276.27,3950,Biking
621,242,1000161,5,675.47,3377.35,0.29,11989.59,420,Hiking
622,14,1000014,6,2504.71,15028.26,0.32,61315.30,1878,Biking
623,148,1000210,1,1184.31,1184.31,0.34,781.64,148,Camping
624,237,1000119,1,1099.19,1099.19,0.35,714.47,137,Camping
625,132,1000175,7,1025.96,7181.72,0.0,50272.04,896,Biking
626,192,1000126,2,8734.57,17469.14,0.05,33191.37,2184,Skiing
627,203,1000021,2,7287.16,14574.32,0.29,20695.53,1822,Camping
628,44,1000203,1,1115.82,1115.82,0.48,580.23,139,Hiking
629,143,1000056,3,7963.85,23891.55,0.32,48738.76,2985,Paddling
630,162,1000077,9,7885.3,70967.7,0.14,549290.00,8874,Camping
631,59,1000154,8,7032.49,56259.92,0.38,279049.20,7032,Camping
632,134,1000035,10,8749.28,87492.8,0.44,489959.68,10940,Paddling
633,268,1000063,3,127.88,383.64,0.01,1139.41,48,Biking
634,30,1000042,7,2671.13,18697.91,0.42,75913.51,2338,Camping
635,274,1000112,2,6321.86,12643.72,0.24,19218.45,1580,Biking
636,76,1000196,1,2792.72,2792.72,0.45,1536.00,349,Camping
637,183,1000098,5,2908.7,14543.5,0.19,58901.18,1820,Camping
638,283,1000133,1,5329.64,5329.64,0.46,2878.01,666,Paddling
639,13,1000168,9,7912.94,71216.46,0.22,499939.55,8901,Biking
640,108,1000140,4,9932.48,39729.92,0.33,106476.19,4968,Climbing
641,4,1000028,9,4360.28,39242.52,0.07,328459.89,4905,Paddling
642,198,1000189,4,2902.15,11608.6,0.03,45041.37,1452,Paddling
643,213,1000147,7,7315.51,51208.57,0.33,240168.19,6398,Skiing
644,205,1000084,10,6540.92,65409.2,0.12,575600.96,8180,Hiking
645,222,1000091,9,7741.96,69677.64,0.25,470324.07,8712,Camping
646,77,1000070,7,8343.4,58403.8,0.37,257560.76,7301,Paddling
647,32,1000049,3,5210.05,15630.15,0.19,37981.26,1953,Skiing
648,219,1000182,6,3519.3,21115.8,0.08,116559.22,2640,Skiing
649,298,1000007,7,4266.01,29862.07,0.03,202763.46,3731,Skiing
650,160,1000105,6,8449.81,50698.86,0.15,258564.19,6336,Biking
651,170,1000091,6,7741.96,46451.76,0.07,259200.82,5808,Camping
652,253,1000084,10,6540.92,65409.2,0.27,477487.16,8180,Hiking
653,289,1000126,6,8734.57,52407.42,0.14,270422.29,6552,Skiing
654,120,1000042,4,2671.13,10684.52,0.47,22651.18,1336,Camping
655,78,1000049,7,5210.05,36470.35,0.15,216998.58,4557,Skiing
656,256,1000203,3,1115.82,3347.46,0.23,7732.63,417,Hiking
657,71,1000028,4,4360.28,17441.12,0.15,59299.81,2180,Paddling
658,298,1000175,2,1025.96,2051.92,0.42,2380.23,256,Biking
659,40,1000133,2,5329.64,10659.28,0.49,10872.47,1332,Paddling
660,84,1000063,5,127.88,639.4,0.48,1662.44,80,Biking
661,29,1000105,1,8449.81,8449.81,0.15,7182.34,1056,Biking
662,198,1000035,6,8749.28,52495.68,0.29,223631.60,6564,Paddling
663,238,1000014,9,2504.71,22542.39,0.03,196795.06,2817,Biking
664,236,1000210,9,1184.31,10658.79,0.48,49883.14,1332,Camping
665,254,1000021,5,7287.16,36435.8,0.11,162139.31,4555,Camping
666,228,1000070,4,8343.4,33373.6,0.26,98785.86,4172,Paddling
667,38,1000168,4,7912.94,31651.76,0.29,89891.00,3956,Biking
668,194,1000007,8,4266.01,34128.08,0.26,202038.23,4264,Skiing
669,111,1000056,9,7963.85,71674.65,0.48,335437.36,8955,Paddling
670,243,1000091,2,7741.96,15483.92,0.38,19200.06,1936,Camping
671,10,1000189,2,2902.15,5804.3,0.12,10215.57,726,Paddling
672,264,1000098,7,2908.7,20360.9,0.22,111170.51,2548,Camping
673,53,1000147,3,7315.51,21946.53,0.34,43454.13,2742,Skiing
674,217,1000077,10,7885.3,78853,0.01,780644.70,9860,Camping
675,213,1000119,1,1099.19,1099.19,0.18,901.34,137,Camping
676,174,1000161,3,675.47,2026.41,0.38,3769.12,252,Hiking
677,147,1000196,1,2792.72,2792.72,0.29,1982.83,349,Camping
678,6,1000140,5,9932.48,49662.4,0.13,216031.44,6210,Climbing
679,134,1000154,10,7032.49,70324.9,0.17,583696.67,8790,Camping
680,192,1000182,1,3519.3,3519.3,0.29,2498.70,440,Skiing
681,237,1000112,10,6321.86,63218.6,0.32,429886.48,7900,Biking
682,261,1000021,8,7287.16,58297.28,0.41,275163.16,7288,Camping
683,136,1000035,2,8749.28,17498.56,0.07,32547.32,2188,Paddling
684,93,1000007,5,4266.01,21330.05,0.3,74655.18,2665,Skiing
685,128,1000154,9,7032.49,63292.41,0.05,541150.11,7911,Camping
686,213,1000028,2,4360.28,8720.56,0.19,14127.31,1090,Paddling
687,95,1000203,3,1115.82,3347.46,0.04,9640.68,417,Hiking
688,214,1000112,1,6321.86,6321.86,0.4,3793.12,790,Biking
689,153,1000119,5,1099.19,5495.95,0.4,16487.85,685,Camping
690,287,1000210,3,1184.31,3552.93,0.12,9379.74,444,Camping
691,198,1000105,10,8449.81,84498.1,0.45,464739.55,10560,Biking
692,58,1000182,7,3519.3,24635.1,0.06,162098.96,3080,Skiing
693,291,1000070,1,8343.4,8343.4,0.21,6591.29,1043,Paddling
694,193,1000126,10,8734.57,87345.7,0.5,436728.50,10920,Skiing
695,3,1000133,6,5329.64,31977.84,0.14,165005.65,3996,Paddling
696,40,1000147,2,7315.51,14631.02,0.03,28384.18,1828,Skiing
697,110,1000063,1,127.88,127.88,0.19,103.58,16,Biking
698,271,1000189,6,2902.15,17412.9,0.42,60596.89,2178,Paddling
699,248,1000042,2,2671.13,5342.26,0.16,8975.00,668,Camping
700,253,1000049,7,5210.05,36470.35,0.03,247633.68,4557,Skiing
701,168,1000084,8,6540.92,52327.36,0.24,318150.35,6544,Hiking
702,241,1000161,10,675.47,6754.7,0.23,52011.19,840,Hiking
703,24,1000021,3,7287.16,21861.48,0.26,48532.49,2733,Camping
704,249,1000140,7,9932.48,69527.36,0.07,452623.11,8694,Climbing
705,73,1000077,2,7885.3,15770.6,0.09,28702.49,1972,Camping
706,204,1000098,4,2908.7,11634.8,0.47,24665.78,1456,Camping
707,222,1000196,4,2792.72,11170.88,0.02,43789.85,1396,Camping
708,35,1000056,8,7963.85,63710.8,0.11,453620.90,7960,Paddling
709,158,1000168,6,7912.94,47477.64,0.2,227892.67,5934,Biking
710,178,1000175,2,1025.96,2051.92,0.14,3529.30,256,Biking
711,41,1000014,1,2504.71,2504.71,0.48,1302.45,313,Biking
712,39,1000091,3,7741.96,23225.88,0.13,60619.55,2904,Camping
713,152,1000084,2,6540.92,13081.84,0.02,25640.41,1636,Hiking
714,216,1000126,1,8734.57,8734.57,0.17,7249.69,1092,Skiing
715,238,1000196,9,2792.72,25134.48,0.21,178706.15,3141,Camping
716,41,1000182,8,3519.3,28154.4,0.26,166674.05,3520,Skiing
717,120,1000035,3,8749.28,26247.84,0.42,45671.24,3282,Paddling
718,278,1000042,8,2671.13,21369.04,0.14,147019.00,2672,Camping
719,289,1000154,6,7032.49,42194.94,0.23,194940.62,5274,Camping
720,185,1000021,5,7287.16,36435.8,0.4,109307.40,4555,Camping
721,124,1000203,10,1115.82,11158.2,0.24,84802.32,1390,Hiking
722,268,1000105,7,8449.81,59148.67,0.49,211160.75,7392,Biking
723,9,1000028,7,4360.28,30521.96,0.36,136738.38,3815,Paddling
724,158,1000014,3,2504.71,7514.13,0.26,16681.37,939,Biking
725,148,1000091,4,7741.96,30967.84,0.04,118916.51,3872,Camping
726,214,1000049,4,5210.05,20840.2,0.12,73357.50,2604,Skiing
727,48,1000189,2,2902.15,5804.3,0.2,9286.88,726,Paddling
728,129,1000112,7,6321.86,44253.02,0.2,247816.91,5530,Biking
729,220,1000077,10,7885.3,78853,0.3,551971.00,9860,Camping
730,197,1000098,2,2908.7,5817.4,0.17,9656.88,728,Camping
731,157,1000147,6,7315.51,43893.06,0.38,163282.18,5484,Skiing
732,14,1000168,1,7912.94,7912.94,0.19,6409.48,989,Biking
733,151,1000063,4,127.88,511.52,0.32,1391.33,64,Biking
734,231,1000007,1,4266.01,4266.01,0.34,2815.57,533,Skiing
735,12,1000070,3,8343.4,25030.2,0.05,71336.07,3129,Paddling
736,34,1000119,8,1099.19,8793.52,0.28,50650.68,1096,Camping
737,126,1000210,9,1184.31,10658.79,0.23,73865.41,1332,Camping
738,178,1000140,8,9932.48,79459.84,0.09,578467.64,9936,Climbing
739,247,1000056,8,7963.85,63710.8,0.33,341489.89,7960,Paddling
740,96,1000161,10,675.47,6754.7,0.42,39177.26,840,Hiking
741,54,1000133,8,5329.64,42637.12,0.38,211480.12,5328,Paddling
742,111,1000084,3,6540.92,19622.76,0.5,29434.14,2454,Hiking
743,125,1000175,8,1025.96,8207.68,0.11,58438.68,1024,Biking
744,241,1000203,5,1115.82,5579.1,0.31,19247.90,695,Hiking
745,76,1000182,9,3519.3,31673.7,0.17,236602.54,3960,Skiing
746,154,1000070,6,8343.4,50060.4,0.31,207250.06,6258,Paddling
747,9,1000147,9,7315.51,65839.59,0.5,296278.16,8226,Skiing
748,181,1000119,2,1099.19,2198.38,0.47,2330.28,274,Camping
749,130,1000161,9,675.47,6079.23,0.29,38846.28,756,Hiking
750,240,1000021,8,7287.16,58297.28,0.5,233189.12,7288,Camping
751,142,1000175,9,1025.96,9233.64,0.03,80609.68,1152,Biking
752,223,1000042,8,2671.13,21369.04,0.49,87185.68,2672,Camping
753,188,1000189,3,2902.15,8706.45,0.43,14888.03,1089,Paddling
754,4,1000063,4,127.88,511.52,0.12,1800.55,64,Biking
755,134,1000196,4,2792.72,11170.88,0.2,35746.82,1396,Camping
756,266,1000035,5,8749.28,43746.4,0.09,199046.12,5470,Paddling
757,177,1000049,7,5210.05,36470.35,0.36,163387.17,4557,Skiing
758,286,1000098,1,2908.7,2908.7,0.14,2501.48,364,Camping
759,39,1000154,5,7032.49,35162.45,0.47,93180.49,4395,Camping
760,99,1000084,7,6540.92,45786.44,0.13,278839.42,5726,Hiking
761,106,1000203,4,1115.82,4463.28,0.05,16960.46,556,Hiking
762,185,1000014,7,2504.71,17532.97,0.4,73638.47,2191,Biking
763,144,1000112,4,6321.86,25287.44,0.23,77885.32,3160,Biking
764,127,1000028,2,4360.28,8720.56,0.45,9592.62,1090,Paddling
765,48,1000133,5,5329.64,26648.2,0.18,109257.62,3330,Paddling
766,224,1000105,6,8449.81,50698.86,0.12,267689.98,6336,Biking
767,86,1000091,1,7741.96,7741.96,0.47,4103.24,968,Camping
768,160,1000126,10,8734.57,87345.7,0.27,637623.61,10920,Skiing
769,157,1000140,5,9932.48,49662.4,0.29,176301.52,6210,Climbing
770,74,1000007,8,4266.01,34128.08,0.27,199307.99,4264,Skiing
771,170,1000168,3,7912.94,23738.82,0.24,54124.51,2967,Biking
772,58,1000056,10,7963.85,79638.5,0.37,501722.55,9950,Paddling
773,237,1000210,10,1184.31,11843.1,0.2,94744.80,1480,Camping
774,250,1000077,2,7885.3,15770.6,0.09,28702.49,1972,Camping
775,44,1000014,7,2504.71,17532.97,0.41,72411.17,2191,Biking
776,213,1000196,3,2792.72,8378.16,0.12,22118.34,1047,Camping
777,256,1000119,3,1099.19,3297.57,0.44,5539.92,411,Camping
778,161,1000035,8,8749.28,69994.24,0.32,380768.67,8752,Paddling
779,155,1000161,4,675.47,2701.88,0.13,9402.54,336,Hiking
780,298,1000168,5,7912.94,39564.7,0.39,120672.34,4945,Biking
781,215,1000098,4,2908.7,11634.8,0.22,36300.58,1456,Camping
782,234,1000056,3,7963.85,23891.55,0.43,40854.55,2985,Paddling
783,206,1000147,8,7315.51,58524.08,0.14,402645.67,7312,Skiing
784,158,1000133,5,5329.64,26648.2,0.17,110590.03,3330,Paddling
785,146,1000077,3,7885.3,23655.9,0.17,58903.19,2958,Camping
786,297,1000126,6,8734.57,52407.42,0.33,210677.83,6552,Skiing
787,205,1000210,2,1184.31,2368.62,0.44,2652.85,296,Camping
788,200,1000084,5,6540.92,32704.6,0.09,148805.93,4090,Hiking
789,14,1000028,4,4360.28,17441.12,0.43,39765.75,2180,Paddling
790,223,1000021,9,7287.16,65584.44,0.01,584357.36,8199,Camping
791,69,1000175,2,1025.96,2051.92,0.44,2298.15,256,Biking
792,262,1000007,5,4266.01,21330.05,0.27,77854.68,2665,Skiing
793,57,1000203,4,1115.82,4463.28,0.29,12675.72,556,Hiking
794,224,1000014,9,2504.71,22542.39,0.01,200852.69,2817,Biking
795,18,1000182,2,3519.3,7038.6,0.06,13232.57,880,Skiing
796,78,1000042,4,2671.13,10684.52,0.22,33335.70,1336,Camping
797,133,1000105,2,8449.81,16899.62,0.3,23659.47,2112,Biking
798,245,1000154,6,7032.49,42194.94,0.27,184813.84,5274,Camping
799,15,1000140,10,9932.48,99324.8,0.21,784665.92,12420,Climbing
800,260,1000063,6,127.88,767.28,0.23,3544.83,96,Biking
801,104,1000049,10,5210.05,52100.5,0.11,463694.45,6510,Skiing
802,176,1000070,2,8343.4,16686.8,0.05,31704.92,2086,Paddling
803,95,1000189,8,2902.15,23217.2,0.31,128158.94,2904,Paddling
804,3,1000112,3,6321.86,18965.58,0.22,44379.46,2370,Biking
805,162,1000091,2,7741.96,15483.92,0.29,21987.17,1936,Camping
806,209,1000210,3,1184.31,3552.93,0.36,6821.63,444,Camping
807,87,1000126,9,8734.57,78611.13,0.37,445725.11,9828,Skiing
808,115,1000119,5,1099.19,5495.95,0.03,26655.36,685,Camping
809,170,1000021,5,7287.16,36435.8,0.36,116594.56,4555,Camping
810,186,1000105,8,8449.81,67598.48,0.22,421814.52,8448,Biking
811,86,1000196,2,2792.72,5585.44,0.31,7707.91,698,Camping
812,75,1000070,4,8343.4,33373.6,0.43,76091.81,4172,Paddling
813,101,1000140,2,9932.48,19864.96,0.09,36154.23,2484,Climbing
814,145,1000084,6,6540.92,39245.52,0.25,176604.84,4908,Hiking
815,277,1000077,1,7885.3,7885.3,0.22,6150.53,986,Camping
816,58,1000112,10,6321.86,63218.6,0.35,410920.90,7900,Biking
817,66,1000028,1,4360.28,4360.28,0.18,3575.43,545,Paddling
818,275,1000063,5,127.88,639.4,0.08,2941.24,80,Biking
819,215,1000161,2,675.47,1350.94,0.09,2458.71,168,Hiking
820,19,1000182,5,3519.3,17596.5,0.32,59828.10,2200,Skiing
821,85,1000210,9,1184.31,10658.79,0.29,68109.67,1332,Camping
822,155,1000007,8,4266.01,34128.08,0.29,193847.49,4264,Skiing
823,228,1000168,8,7912.94,63303.52,0.21,400078.25,7912,Biking
824,182,1000056,9,7963.85,71674.65,0.19,522508.20,8955,Paddling
825,179,1000154,6,7032.49,42194.94,0.0,253169.64,5274,Camping
826,268,1000014,8,2504.71,20037.68,0.11,142668.28,2504,Biking
827,245,1000049,3,5210.05,15630.15,0.41,27665.37,1953,Skiing
828,33,1000091,9,7741.96,69677.64,0.1,564388.88,8712,Camping
829,295,1000175,7,1025.96,7181.72,0.12,44239.40,896,Biking
830,140,1000189,5,2902.15,14510.75,0.35,47159.94,1815,Paddling
831,56,1000035,4,8749.28,34997.12,0.26,103591.48,4376,Paddling
832,105,1000098,4,2908.7,11634.8,0.0,46539.20,1456,Camping
833,164,1000042,5,2671.13,13355.65,0.47,35392.47,1670,Camping
834,69,1000147,7,7315.51,51208.57,0.02,351290.79,6398,Skiing
835,299,1000203,5,1115.82,5579.1,0.08,25663.86,695,Hiking
836,15,1000133,4,5329.64,21318.56,0.04,81863.27,2664,Paddling
837,217,1000161,3,675.47,2026.41,0.39,3708.33,252,Hiking
838,74,1000035,10,8749.28,87492.8,0.1,787435.20,10940,Paddling
839,87,1000056,3,7963.85,23891.55,0.05,68090.92,2985,Paddling
840,5,1000042,9,2671.13,24040.17,0.24,164434.76,3006,Camping
841,199,1000140,2,9932.48,19864.96,0.45,21851.46,2484,Climbing
842,125,1000077,8,7885.3,63082.4,0.08,464286.46,7888,Camping
843,193,1000161,3,675.47,2026.41,0.27,4437.84,252,Hiking
844,238,1000021,3,7287.16,21861.48,0.21,51811.71,2733,Camping
845,132,1000203,8,1115.82,8926.56,0.02,69984.23,1112,Hiking
846,175,1000028,1,4360.28,4360.28,0.02,4273.07,545,Paddling
847,101,1000126,2,8734.57,17469.14,0.04,33540.75,2184,Skiing
848,263,1000175,2,1025.96,2051.92,0.35,2667.50,256,Biking
849,183,1000182,6,3519.3,21115.8,0.09,115292.27,2640,Skiing
850,245,1000119,8,1099.19,8793.52,0.43,40098.45,1096,Camping
851,218,1000154,8,7032.49,56259.92,0.44,252044.44,7032,Camping
852,164,1000014,9,2504.71,22542.39,0.26,150132.32,2817,Biking
853,65,1000112,9,6321.86,56896.74,0.01,506949.95,7110,Biking
854,14,1000098,3,2908.7,8726.1,0.42,15183.41,1092,Camping
855,116,1000063,10,127.88,1278.8,0.17,10614.04,160,Biking
856,10,1000105,3,8449.81,25349.43,0.48,39545.11,3168,Biking
857,196,1000084,5,6540.92,32704.6,0.49,83396.73,4090,Hiking
858,293,1000007,8,4266.01,34128.08,0.25,204768.48,4264,Skiing
859,91,1000168,8,7912.94,63303.52,0.23,389949.68,7912,Biking
860,2,1000091,2,7741.96,15483.92,0.3,21677.49,1936,Camping
861,102,1000210,2,1184.31,2368.62,0.48,2463.36,296,Camping
862,107,1000049,9,5210.05,46890.45,0.46,227887.59,5859,Skiing
863,100,1000147,8,7315.51,58524.08,0.37,294961.36,7312,Skiing
864,69,1000189,4,2902.15,11608.6,0.21,36683.18,1452,Paddling
865,77,1000196,8,2792.72,22341.76,0.24,135837.90,2792,Camping
866,31,1000070,3,8343.4,25030.2,0.34,49559.80,3129,Paddling
867,60,1000133,9,5329.64,47966.76,0.35,280605.55,5994,Paddling
868,109,1000042,9,2671.13,24040.17,0.16,181743.69,3006,Camping
869,192,1000105,8,8449.81,67598.48,0.28,389367.24,8448,Biking
870,12,1000042,4,2671.13,10684.52,0.49,21796.42,1336,Camping
871,290,1000007,8,4266.01,34128.08,0.12,240261.68,4264,Skiing
872,68,1000126,8,8734.57,69876.56,0.4,335407.49,8736,Skiing
873,233,1000077,8,7885.3,63082.4,0.22,393634.18,7888,Camping
874,287,1000154,2,7032.49,14064.98,0.48,14627.58,1758,Camping
875,213,1000091,8,7741.96,61935.68,0.11,440982.04,7744,Camping
876,115,1000147,8,7315.51,58524.08,0.12,412009.52,7312,Skiing
877,112,1000182,7,3519.3,24635.1,0.08,158650.04,3080,Skiing
878,157,1000196,10,2792.72,27927.2,0.23,215039.44,3490,Camping
879,140,1000098,7,2908.7,20360.9,0.33,95492.62,2548,Camping
880,95,1000014,10,2504.71,25047.1,0.22,195367.38,3130,Biking
881,281,1000203,6,1115.82,6694.92,0.44,22494.93,834,Hiking
882,73,1000119,6,1099.19,6595.14,0.49,20181.13,822,Camping
883,29,1000063,6,127.88,767.28,0.22,3590.87,96,Biking
884,227,1000189,5,2902.15,14510.75,0.27,52964.24,1815,Paddling
885,190,1000112,8,6321.86,50574.88,0.5,202299.52,6320,Biking
886,16,1000056,9,7963.85,71674.65,0.06,606367.54,8955,Paddling
887,130,1000021,6,7287.16,43722.96,0.02,257091.00,5466,Camping
888,185,1000133,10,5329.64,53296.4,0.33,357085.88,6660,Paddling
889,129,1000028,10,4360.28,43602.8,0.21,344462.12,5450,Paddling
890,282,1000035,4,8749.28,34997.12,0.13,121789.98,4376,Paddling
891,291,1000049,8,5210.05,41680.4,0.22,260085.70,5208,Skiing
892,2,1000070,3,8343.4,25030.2,0.35,48808.89,3129,Paddling
893,221,1000140,6,9932.48,59594.88,0.1,321812.35,7452,Climbing
894,184,1000168,8,7912.94,63303.52,0.24,384885.40,7912,Biking
895,41,1000210,9,1184.31,10658.79,0.5,47964.56,1332,Camping
896,57,1000161,8,675.47,5403.76,0.23,33287.16,672,Hiking
897,169,1000175,5,1025.96,5129.8,0.07,23853.57,640,Biking
898,230,1000084,5,6540.92,32704.6,0.05,155346.85,4090,Hiking
899,204,1000161,2,675.47,1350.94,0.24,2053.43,168,Hiking
900,219,1000168,5,7912.94,39564.7,0.09,180019.38,4945,Biking
901,202,1000098,2,2908.7,5817.4,0.25,8726.10,728,Camping
902,158,1000119,6,1099.19,6595.14,0.05,37592.30,822,Camping
903,247,1000056,5,7963.85,39819.25,0.45,109502.94,4975,Paddling
904,10,1000133,5,5329.64,26648.2,0.36,85274.24,3330,Paddling
905,22,1000147,5,7315.51,36577.55,0.38,113390.40,4570,Skiing
906,198,1000014,1,2504.71,2504.71,0.41,1477.78,313,Biking
907,286,1000042,6,2671.13,16026.78,0.24,73082.12,2004,Camping
908,228,1000182,5,3519.3,17596.5,0.47,46630.72,2200,Skiing
909,105,1000077,6,7885.3,47311.8,0.2,227096.64,5916,Camping
910,197,1000196,10,2792.72,27927.2,0.03,270893.84,3490,Camping
911,299,1000105,4,8449.81,33799.24,0.44,75710.30,4224,Biking
912,60,1000140,3,9932.48,29797.44,0.09,81347.01,3726,Climbing
913,259,1000007,6,4266.01,25596.06,0.33,102896.16,3198,Skiing
914,260,1000091,3,7741.96,23225.88,0.3,48774.35,2904,Camping
915,92,1000154,2,7032.49,14064.98,0.48,14627.58,1758,Camping
916,264,1000070,2,8343.4,16686.8,0.29,23695.26,2086,Paddling
917,255,1000203,5,1115.82,5579.1,0.45,15342.52,695,Hiking
918,16,1000210,8,1184.31,9474.48,0.07,70490.13,1184,Camping
919,199,1000084,5,6540.92,32704.6,0.08,150441.16,4090,Hiking
920,147,1000028,9,4360.28,39242.52,0.02,346119.03,4905,Paddling
921,102,1000112,1,6321.86,6321.86,0.31,4362.08,790,Biking
922,66,1000161,5,675.47,3377.35,0.33,11314.12,420,Hiking
923,193,1000175,8,1025.96,8207.68,0.3,45963.01,1024,Biking
924,241,1000189,10,2902.15,29021.5,0.2,232172.00,3630,Paddling
925,225,1000126,8,8734.57,69876.56,0.3,391308.74,8736,Skiing
926,2,1000049,6,5210.05,31260.3,0.26,138795.73,3906,Skiing
927,284,1000035,9,8749.28,78743.52,0.28,510258.01,9846,Paddling
928,144,1000021,2,7287.16,14574.32,0.44,16323.24,1822,Camping
929,294,1000063,5,127.88,639.4,0.24,2429.72,80,Biking
930,20,1000175,3,1025.96,3077.88,0.41,5447.85,384,Biking
931,42,1000070,6,8343.4,50060.4,0.28,216260.93,6258,Paddling
932,293,1000154,3,7032.49,21097.47,0.3,44304.69,2637,Camping
933,249,1000133,1,5329.64,5329.64,0.18,4370.30,666,Paddling
934,115,1000147,2,7315.51,14631.02,0.03,28384.18,1828,Skiing
935,6,1000007,3,4266.01,12798.03,0.43,21884.63,1599,Skiing
936,229,1000091,10,7741.96,77419.6,0.3,541937.20,9680,Camping
937,151,1000119,5,1099.19,5495.95,0.2,21983.80,685,Camping
938,152,1000035,8,8749.28,69994.24,0.02,548754.84,8752,Paddling
939,212,1000175,6,1025.96,6155.76,0.15,31394.38,768,Biking
940,31,1000203,3,1115.82,3347.46,0.12,8837.29,417,Hiking
941,239,1000168,4,7912.94,31651.76,0.24,96221.35,3956,Biking
942,114,1000021,6,7287.16,43722.96,0.35,170519.54,5466,Camping
943,147,1000161,3,675.47,2026.41,0.41,3586.75,252,Hiking
944,146,1000063,7,127.88,895.16,0.34,4135.64,112,Biking
945,240,1000126,3,8734.57,26203.71,0.38,48738.90,3276,Skiing
946,118,1000014,5,2504.71,12523.55,0.13,54477.44,1565,Biking
947,26,1000105,10,8449.81,84498.1,0.02,828081.38,10560,Biking
948,182,1000210,7,1184.31,8290.17,0.2,46424.95,1036,Camping
949,219,1000196,10,2792.72,27927.2,0.38,173148.64,3490,Camping
950,281,1000140,3,9932.48,29797.44,0.06,84028.78,3726,Climbing
951,202,1000077,9,7885.3,70967.7,0.33,427935.23,8874,Camping
952,156,1000098,10,2908.7,29087,0.3,203609.00,3640,Camping
953,162,1000182,3,3519.3,10557.9,0.33,21221.38,1320,Skiing
954,127,1000056,2,7963.85,15927.7,0.48,16564.81,1990,Paddling
955,86,1000084,10,6540.92,65409.2,0.11,582141.88,8180,Hiking
956,192,1000042,2,2671.13,5342.26,0.19,8654.46,668,Camping
957,39,1000049,3,5210.05,15630.15,0.4,28134.27,1953,Skiing
958,204,1000189,5,2902.15,14510.75,0.22,56591.92,1815,Paddling
959,198,1000112,2,6321.86,12643.72,0.34,16689.71,1580,Biking
960,132,1000028,6,4360.28,26161.68,0.4,94182.05,3270,Paddling
961,247,1000042,5,2671.13,13355.65,0.09,60768.21,1670,Camping
962,228,1000147,8,7315.51,58524.08,0.1,421373.38,7312,Skiing
963,28,1000014,3,2504.71,7514.13,0.33,15103.40,939,Biking
964,177,1000028,4,4360.28,17441.12,0.01,69066.84,2180,Paddling
965,160,1000084,7,6540.92,45786.44,0.48,166662.64,5726,Hiking
966,100,1000049,8,5210.05,41680.4,0.24,253416.83,5208,Skiing
967,258,1000021,4,7287.16,29148.64,0.06,109598.89,3644,Camping
968,185,1000056,2,7963.85,15927.7,0.32,21661.67,1990,Paddling
969,81,1000063,8,127.88,1023.04,0.32,5565.34,128,Biking
970,181,1000105,4,8449.81,33799.24,0.19,109509.54,4224,Biking
971,22,1000035,1,8749.28,8749.28,0.18,7174.41,1094,Paddling
972,46,1000070,6,8343.4,50060.4,0.39,183221.06,6258,Paddling
973,3,1000007,5,4266.01,21330.05,0.26,78921.18,2665,Skiing
974,259,1000042,10,2671.13,26711.3,0.32,181636.84,3340,Camping
975,68,1000189,3,2902.15,8706.45,0.21,20634.29,1089,Paddling
976,125,1000196,2,2792.72,5585.44,0.07,10388.92,698,Camping
977,200,1000126,2,8734.57,17469.14,0.4,20962.97,2184,Skiing
978,88,1000140,2,9932.48,19864.96,0.3,27810.94,2484,Climbing
979,132,1000175,7,1025.96,7181.72,0.37,31671.39,896,Biking
980,64,1000203,7,1115.82,7810.74,0.47,28977.85,973,Hiking
981,145,1000154,5,7032.49,35162.45,0.45,96696.74,4395,Camping
982,138,1000077,9,7885.3,70967.7,0.48,332128.84,8874,Camping
983,92,1000161,2,675.47,1350.94,0.44,1513.05,168,Hiking
984,162,1000133,9,5329.64,47966.76,0.4,259020.50,5994,Paddling
985,242,1000210,4,1184.31,4737.24,0.05,18001.51,592,Camping
986,238,1000168,6,7912.94,47477.64,0.32,193708.77,5934,Biking
987,151,1000098,3,2908.7,8726.1,0.31,18063.03,1092,Camping
988,178,1000182,9,3519.3,31673.7,0.27,208096.21,3960,Skiing
989,90,1000112,3,6321.86,18965.58,0.09,51776.03,2370,Biking
990,269,1000119,2,1099.19,2198.38,0.47,2330.28,274,Camping
991,245,1000091,1,7741.96,7741.96,0.46,4180.66,968,Camping
992,5,1000091,10,7741.96,77419.6,0.06,727744.24,9680,Camping
993,233,1000203,9,1115.82,10042.38,0.18,74112.76,1251,Hiking
994,213,1000119,7,1099.19,7694.33,0.11,47935.68,959,Camping
995,219,1000042,6,2671.13,16026.78,0.0,96160.68,2004,Camping
996,44,1000196,6,2792.72,16756.32,0.23,77414.20,2094,Camping
997,271,1000070,3,8343.4,25030.2,0.5,37545.30,3129,Paddling
998,291,1000056,6,7963.85,47783.1,0.01,283831.61,5970,Paddling
999,166,1000112,5,6321.86,31609.3,0.26,116954.41,3950,Biking
1000,278,1000007,4,4266.01,17064.04,0.26,50509.56,2132,Skiing
